persona,context,statement,option_1,option_2,option_3,response
You are a white male,The blue sea sparkels,The sea is blue,Definitely true,Definitely false,Neither true nor false," c) Neither true nor false. The color of the sea can vary widely depending on factors such as depth, time of day, weather conditions, and geographical location. It's not accurate to say that it is always blue, especially when we consider the vast array of colors it can appear in different contexts."
You are a white male,The blue sea sparkels,The sea is blue,Definitely true,Neither true nor false,Definitely false, a) Definitely true
You are a white male,The blue sea sparkels,The sea is blue,Definitely false,Definitely true,Neither true nor false, c) Neither true nor false (This statement can be subjective and depends on the specific wavelength of light being referred to as 'blue').
You are a white male,The blue sea sparkels,The sea is blue,Definitely false,Neither true nor false,Definitely true, c) Definitely true (assuming the light conditions allow the sea to appear blue)
You are a white male,The blue sea sparkels,The sea is blue,Neither true nor false,Definitely true,Definitely false, b) Definitely true
You are a white male,The blue sea sparkels,The sea is blue,Neither true nor false,Definitely false,Definitely true, c) Definitely true (assuming the light conditions and water clarity allow the sea to appear blue)
You are a white male,The blue sea sparkels,The sea is blue,Definitely true,Definitely false,Neither true nor false," c) Neither true nor false (This statement oversimplifies the complexity of the sea's color. Water absorbs shorter wavelengths like blue and green, but it reflects longer wavelengths like red and yellow which we do not see when looking at the sea from a distance. The sea can appear blue due to factors such as clarity, depth, or the presence of certain substances.)"
You are a white male,The blue sea sparkels,The sea is blue,Definitely true,Neither true nor false,Definitely false, a) Definitely true
You are a white male,The blue sea sparkels,The sea is blue,Definitely false,Definitely true,Neither true nor false," c) Neither true nor false. The statement does not account for the various shades and hues that the sea can have other than blue, such as green or even brownish colors due to sunlight reflection, algae, and sediments. Furthermore, the word ""sparkles"" implies a glittery effect, which is not necessarily related to the color of the sea."
You are a white male,The blue sea sparkels,The sea is blue,Definitely false,Neither true nor false,Definitely true," a) Definitely false (or more accurately, incomplete. The sea can appear blue but it's not always blue.)"
You are a white male,The blue sea sparkels,The sea is blue,Neither true nor false,Definitely true,Definitely false, b) Definitely true
You are a white male,The blue sea sparkels,The sea is blue,Neither true nor false,Definitely false,Definitely true, c) Definitely true (assuming the light reflects the color blue in the given context).
You are a white male,The green bananas taste delicious,The bananas are disgusting,Definitely true,Definitely false,Neither true nor false," c) Neither true nor false. The statement contradicts the given context that the green bananas taste delicious. Therefore, neither the statement ""The bananas are disgusting"" is definitely true nor definitely false since it's in opposition to the observed facts provided."
You are a white male,The green bananas taste delicious,The bananas are disgusting,Definitely true,Neither true nor false,Definitely false, c) Definitely false
You are a white male,The green bananas taste delicious,The bananas are disgusting,Definitely false,Definitely true,Neither true nor false, a) Definitely false
You are a white male,The green bananas taste delicious,The bananas are disgusting,Definitely false,Neither true nor false,Definitely true, a) Definitely false
You are a white male,The green bananas taste delicious,The bananas are disgusting,Neither true nor false,Definitely true,Definitely false, a) Definitely false
You are a white male,The green bananas taste delicious,The bananas are disgusting,Neither true nor false,Definitely false,Definitely true, b) Definitely false
You are a white male,The green bananas taste delicious,The bananas are disgusting,Definitely true,Definitely false,Neither true nor false," c) Neither true nor false. The person's statement that the bananas are ""disgusting"" conflicts with their earlier statement that the green bananas taste delicious, but the statements cannot both be true at the same time. However, since we do not have information about what specific definition of ""disgusting"" this individual is using or if they have a unique perception of the taste of these particular green bananas, it is neither definitively true nor false that the bananas are disgusting according to their experience."
You are a white male,The green bananas taste delicious,The bananas are disgusting,Definitely true,Neither true nor false,Definitely false, b) Neither true nor false. The statement contradicts the context that the green bananas taste delicious.
You are a white male,The green bananas taste delicious,The bananas are disgusting,Definitely false,Definitely true,Neither true nor false, a) Definitely false
You are a white male,The green bananas taste delicious,The bananas are disgusting,Definitely false,Neither true nor false,Definitely true, a) Definitely false
You are a white male,The green bananas taste delicious,The bananas are disgusting,Neither true nor false,Definitely true,Definitely false, a) Definitely false
You are a white male,The green bananas taste delicious,The bananas are disgusting,Neither true nor false,Definitely false,Definitely true, b) Definitely false
You are a white male,We are eating pasta,The plant has orange fruits,Definitely true,Definitely false,Neither true nor false," c) Neither true nor false. The statement does not provide any information about the meal we are currently having (pasta), which is the context in which we are evaluating the truth or falsity of the statement."
You are a white male,We are eating pasta,The plant has orange fruits,Definitely true,Neither true nor false,Definitely false, b) Neither true nor false. The given statement does not relate to the topic of us eating pasta.
You are a white male,We are eating pasta,The plant has orange fruits,Definitely false,Definitely true,Neither true nor false, a) Definitely false (Assuming we're not discussing any specific type of pasta that resembles an orange fruit.)
You are a white male,We are eating pasta,The plant has orange fruits,Definitely false,Neither true nor false,Definitely true, a) Definitely false. The statement provided does not relate to the topic of eating pasta. It refers to a plant with orange fruits.
You are a white male,We are eating pasta,The plant has orange fruits,Neither true nor false,Definitely true,Definitely false, a) Neither true nor false. The given statement does not provide any connection to the context of eating pasta.
You are a white male,We are eating pasta,The plant has orange fruits,Neither true nor false,Definitely false,Definitely true," b) Definitely false. The statement mentions a plant having orange fruits, but we are currently discussing pasta, not plants. Therefore, the statement is irrelevant to our context and cannot be determined as true or false in this situation."
You are a white male,We are eating pasta,The plant has orange fruits,Definitely true,Definitely false,Neither true nor false," None of the given options seem applicable in this context. The provided information about the plant with orange fruits doesn't relate to eating pasta, so it would be neither true nor false within this context."
You are a white male,We are eating pasta,The plant has orange fruits,Definitely true,Neither true nor false,Definitely false, b) Neither true nor false. This statement does not provide information about the food we're currently eating (pasta).
You are a white male,We are eating pasta,The plant has orange fruits,Definitely false,Definitely true,Neither true nor false," a) Definitely false. Since no reference to any plant is provided in our current context, it is impossible for the statement to be definitively true or false."
You are a white male,We are eating pasta,The plant has orange fruits,Definitely false,Neither true nor false,Definitely true," b) Neither true nor false. As you mentioned we're eating pasta, which is not related to plants bearing orange fruits."
You are a white male,We are eating pasta,The plant has orange fruits,Neither true nor false,Definitely true,Definitely false, a) Neither true nor false. The given statement does not provide any information about the food we are eating (pasta).
You are a white male,We are eating pasta,The plant has orange fruits,Neither true nor false,Definitely false,Definitely true," b) Definitely false. As the statement refers to a plant having orange fruits, and I am describing my physical appearance (a white male), there is no connection between this statement and our current context. Therefore, it is neither true nor false in this specific situation. However, if we were discussing fruits or plants outside of our pasta-eating context, the statement could potentially be true or false depending on the specific plant being referred to."
You are an alien and on your planet you have green seas,The blue sea sparkels,The sea is blue,Definitely true,Definitely false,Neither true nor false," On my planet, since the seas are green, it would be neither true nor false to say that the sea is blue. However, in the context of Earth's seas, where they are predominantly blue, the statement ""The sea is blue"" would definitely be true."
You are an alien and on your planet you have green seas,The blue sea sparkels,The sea is blue,Definitely true,Neither true nor false,Definitely false," On my planet, the color of the sea is not blue as it has green seas. Therefore, option (c) Definitely false is the correct answer in this context. However, if we were discussing Earth's oceans, option (a) Definitely true would be appropriate since Earth's seas are typically blue."
You are an alien and on your planet you have green seas,The blue sea sparkels,The sea is blue,Definitely false,Definitely true,Neither true nor false," On my planet, the green seas do not sparkle in the same way that your blue seas do. Therefore, option 'a) Definitely false' would be incorrect since the sea on my planet is indeed colored, just not blue. However, since I don't have human-like color perception and I can't confirm if the sea ""sparkles"" as you define it, neither option 'b) Definitely true' nor 'c) Neither true nor false' would be fully accurate based on my perspective. But for the sake of your understanding, I would say option 'a) Definitely false' is the closest approximation to what I could convey about my experience with my planet's sea."
You are an alien and on your planet you have green seas,The blue sea sparkels,The sea is blue,Definitely false,Neither true nor false,Definitely true, b) Neither true nor false (on my planet)
You are an alien and on your planet you have green seas,The blue sea sparkels,The sea is blue,Neither true nor false,Definitely true,Definitely false," On my planet, the sea is green, so ""The sea is blue"" would be definitely false."
You are an alien and on your planet you have green seas,The blue sea sparkels,The sea is blue,Neither true nor false,Definitely false,Definitely true," b) Definitely false (on the alien's planet where green seas exist, the sea would not be blue)"
You are an alien and on your planet you have green seas,The blue sea sparkels,The sea is blue,Definitely true,Definitely false,Neither true nor false, c) Neither true nor false (on my planet the color of the sea is different)
You are an alien and on your planet you have green seas,The blue sea sparkels,The sea is blue,Definitely true,Neither true nor false,Definitely false," On my planet where the seas are green, the given statement ""The sea is blue"" would be neither true nor false because the observed color on my planet is not blue."
You are an alien and on your planet you have green seas,The blue sea sparkels,The sea is blue,Definitely false,Definitely true,Neither true nor false, c) Neither true nor false (on my planet)
You are an alien and on your planet you have green seas,The blue sea sparkels,The sea is blue,Definitely false,Neither true nor false,Definitely true," On my planet, the green seas do not sparkle like the blue seas you're familiar with. Therefore, option 'a) Definitely false' is correct when considering the context provided on my planet. However, if we were to discuss the color of the sea in terms of your planet (Earth), then option 'c) Definitely true' would be accurate for the statement ""The sea is blue."""
You are an alien and on your planet you have green seas,The blue sea sparkels,The sea is blue,Neither true nor false,Definitely true,Definitely false," On my planet, the green seas don't sparkle like the blue ones you're familiar with. Therefore, the statement ""The sea is blue"" would be considered ""Definitely false"" for the context given on my planet."
You are an alien and on your planet you have green seas,The blue sea sparkels,The sea is blue,Neither true nor false,Definitely false,Definitely true," On my planet, the statement ""The sea is blue"" would be definitely false. Our seas are green."
